NGP_AECO (Natural Gas),,,,,,EQTY_S&P500 INDX_USD (Stock Index),EQTY_TSE/SP60SPV_NDX_CAD (Stock Index),FX_USD_CAD (Foreign Exchange Rate),IR_CAD_GOVT (Treasury Rate),,,,,,IR_CAD_SWAP (Inter Bank Lending Rate),,,,,,IR_USD_GOVT (Treasury Rate),,,,,,IR_USD_SWAP (Inter Bank Lending Rate),,,,,,NGP_NYMX (Natural Gas),,,,,,OIL_WTI (Oil),,,,,,,,,,
VALUE (30 TERM),VALUE (90 TERM),VALUE (365 TERM),VALUE (730 TERM),VALUE (1825 TERM),VALUE (3650 TERM),VALUE,VALUE,VALUE,VALUE (90 TERM),VALUE (365 TERM),VALUE (730 TERM),VALUE (1825 TERM),VALUE (3650 TERM),VALUE (10950 TERM),VALUE (90 TERM),VALUE (365 TERM),VALUE (730 TERM),VALUE (1825 TERM),VALUE (3650 TERM),VALUE (10950 TERM),VALUE (90 TERM),VALUE (365 TERM),VALUE (730 TERM),VALUE (1825 TERM),VALUE (3650 TERM),VALUE (10950 TERM),VALUE (90 TERM),VALUE (365 TERM),VALUE (730 TERM),VALUE (1825 TERM),VALUE (3650 TERM),VALUE (10950 TERM),VALUE (30 TERM),VALUE (90 TERM),VALUE (365 TERM),VALUE (730 TERM),VALUE (1825 TERM),VALUE (3650 TERM),VALUE (30 TERM),VALUE (90 TERM),VALUE (365 TERM),VALUE (730 TERM),VALUE (1825 TERM),VALUE (3650 TERM),Average VIX,Basis ,IA VOLUME,IA Volume Difference,Indicator 
3.407785714,3.6372,3.922833333,4.426152381,5.078514286,5.078514286,1121.283182,706.4761273,0.967810789,8.58E-03,1.23E-02,0.014076012,2.12E-02,2.99E-02,0.035800282,1.25E-02,1.38E-02,1.56E-02,2.20E-02,3.10E-02,3.65E-02,1.48E-03,2.84E-03,4.79E-03,1.41E-02,2.73E-02,0.042328536,2.89E-03,4.26E-03,6.56E-03,1.62E-02,2.71E-02,3.57E-02,3.886,4.075047619,4.574142857,5.082238095,5.646714286,5.646714286,73.46,76.41238095,82.2552381,84.89761905,84.89761905,84.89761905,23.7835,15.47604545,"$35,249,188","$4,908,404",1
3.148709524,3.50442381,3.63957619,4.254442857,4.968495238,4.968495238,1171.583333,725.4869286,0.982147836,8.79E-03,1.18E-02,1.36E-02,1.94E-02,2.89E-02,3.59E-02,0.012757186,1.34E-02,1.50E-02,2.04E-02,2.99E-02,3.63E-02,1.32E-03,2.40E-03,3.77E-03,1.19E-02,2.63E-02,4.44E-02,2.86E-03,3.80E-03,5.41E-03,1.44E-02,2.67E-02,3.71E-02,3.394904762,3.93452381,4.364809524,4.995619048,5.644285714,5.644285714,73.52,82.47238095,86.20952381,87.94761905,87.94761905,87.94761905,21.23954545,14.4242381,"$40,157,592","$10,193,449",1
3.542490476,3.668842857,3.793542857,4.330338095,5.012857143,5.012857143,1198.864091,736.0227182,0.988090915,9.41E-03,1.26E-02,1.55E-02,2.25E-02,3.15E-02,3.69E-02,1.28E-02,1.44E-02,0.016908699,2.37E-02,3.28E-02,3.76E-02,1.37E-03,2.70E-03,4.57E-03,1.36E-02,2.88E-02,4.83E-02,2.84E-03,4.45E-03,6.45E-03,1.62E-02,0.02990539,4.12E-02,3.786,4.205238095,4.438333333,5.018095238,5.677714286,5.677714286,83.71619048,85.23952381,87.73238095,88.77333333,88.77333333,88.77333333,20.64315789,14.25018182,"$50,351,041","$29,926,289",1
3.713263636,3.688313636,4.050536364,4.428263636,4.978672727,4.978672727,1242.188261,758.8677609,0.992372626,9.79E-03,1.34E-02,1.66E-02,2.47E-02,3.33E-02,3.69E-02,1.29E-02,1.52E-02,1.80E-02,2.61E-02,3.53E-02,0.038922136,1.34E-03,3.25E-03,6.12E-03,1.94E-02,3.40E-02,4.96E-02,3.00E-03,4.88E-03,8.18E-03,2.15E-02,3.51E-02,4.35E-02,4.227290909,4.300909091,4.736909091,5.175954545,5.790727273,5.790727273,88.26045455,90.15409091,91.64772727,90.89363636,90.89363636,90.89363636,22.54,13.61969565,"$80,277,330","-$21,339,219",0
3.75862,3.714425,4.262265,4.5515,5.109765,5.109765,1283.124286,767.4985857,1.005868137,9.58E-03,1.36E-02,1.74E-02,0.025631931,3.38E-02,3.75E-02,1.30E-02,1.53E-02,1.87E-02,2.71E-02,0.036111448,4.07E-02,1.49E-03,3.18E-03,6.12E-03,2.02E-02,3.50E-02,5.09E-02,3.01E-03,4.50E-03,8.19E-03,2.22E-02,3.56E-02,4.48E-02,4.49881,4.49505,5.0967,5.38625,5.99035,5.99035,89.796,91.6195,95.5935,95.2855,95.2855,95.2855,17.7673913,12.65242857,"$58,938,111","$2,284,804",1
3.411221053,3.319473684,3.970068421,4.452710526,5.247815789,5.247815789,1322.2125,799.664355,1.012465915,0.009492046,1.36E-02,1.88E-02,2.75E-02,3.55E-02,0.03862553,1.30E-02,1.55E-02,1.96E-02,2.90E-02,3.77E-02,4.24E-02,1.28E-03,3.59E-03,7.66E-03,2.28E-02,3.70E-02,5.22E-02,3.09E-03,4.59E-03,9.52E-03,0.024909221,3.80E-02,4.65E-02,4.013810526,4.071842105,4.885789474,5.319263158,6.163526316,6.163526316,88.80315789,94.43789474,99.41157895,99.50263158,99.50263158,99.50263158,17.42428571,11.31845,"$61,222,915","$5,002,623",1
3.479504348,3.432495652,4.006113043,4.47326087,5.449195652,5.449195652,1304.486087,801.5582348,1.024203983,9.29E-03,1.32E-02,1.75E-02,2.62E-02,3.39E-02,3.77E-02,0.01291424,1.53E-02,1.91E-02,2.81E-02,3.69E-02,4.24E-02,9.46E-04,3.27E-03,6.95E-03,2.14E-02,3.55E-02,5.10E-02,3.04E-03,4.32E-03,8.70E-03,2.34E-02,3.64E-02,4.51E-02,3.984965217,4.132826087,4.919478261,5.379782609,6.377173913,6.377173913,102.3478261,104.296087,104.9226087,102.0986957,102.0986957,102.0986957,31.9295,10.55686957,"$66,225,538","-$7,462,824",0
3.51991,3.48313,4.01803,4.432755,5.445985,5.445985,1331.784762,798.6959143,1.044273773,9.25E-03,1.40E-02,1.83E-02,2.71E-02,3.45E-02,3.78E-02,1.30E-02,1.60E-02,2.01E-02,2.90E-02,3.78E-02,4.23E-02,5.98E-04,3.13E-03,7.26E-03,2.19E-02,3.58E-02,5.06E-02,2.75E-03,3.96E-03,8.76E-03,2.36E-02,3.63E-02,4.49E-02,4.22603,4.3268,4.9462,5.3961,6.44585,6.44585,108.305,110.892,110.6265,106.761,106.761,106.761,29.91636364,9.892333333,"$58,762,714","-$2,739,377",0
3.667880952,3.644480952,3.958809524,4.256342857,5.197852381,5.197852381,1337.983182,779.6576682,1.03261696,9.24E-03,1.31E-02,1.68E-02,2.48E-02,3.21E-02,0.036120515,1.29E-02,1.50E-02,1.86E-02,2.64E-02,3.53E-02,4.03E-02,3.55E-04,2.32E-03,5.44E-03,1.85E-02,3.29E-02,4.85E-02,2.56E-03,3.56E-03,7.16E-03,2.05E-02,3.35E-02,4.26E-02,4.271238095,4.390142857,4.777,5.115047619,6.076380952,6.076380952,101.1095238,102.1328571,102.652381,100.3285714,100.3285714,100.3285714,25.5652381,10.30909091,"$56,023,337","-$14,425,692",0
3.824377273,3.816654545,3.953922727,4.214309091,5.043868182,5.043868182,1287.288636,752.8001773,1.023254095,8.74E-03,1.19E-02,1.48E-02,2.23E-02,3.05E-02,3.52E-02,1.28E-02,1.41E-02,1.67E-02,2.38E-02,3.35E-02,3.93E-02,3.21E-04,1.97E-03,4.16E-03,1.60E-02,3.13E-02,4.84E-02,2.44E-03,3.87E-03,6.34E-03,1.87E-02,3.22E-02,4.19E-02,4.513554545,4.541818182,4.798954545,5.058590909,5.866272727,5.866272727,96.36681818,97.12818182,99.99454545,100.2272727,100.2272727,100.2272727,24.74590909,9.534090909,"$41,597,645","-$7,848,840",0
3.489005,3.448365,3.71492,4.026565,4.847835,4.847835,1325.874286,758.927419,1.046272521,9.00E-03,1.22E-02,1.48E-02,2.20E-02,3.02E-02,3.47E-02,1.29E-02,1.44E-02,1.66E-02,2.38E-02,3.34E-02,3.88E-02,3.08E-04,1.85E-03,4.08E-03,1.56E-02,3.13E-02,4.91E-02,2.45E-03,4.27E-03,6.47E-03,1.85E-02,0.032197817,4.18E-02,4.4002,4.3374,4.6939,5.01705,5.78045,5.78045,97.196,98.0165,101.552,102.844,102.844,102.844,22.51761905,8.988095238,"$33,748,805","$92,191,691",1
3.437152174,3.400034783,3.651069565,4.072617391,4.841873913,4.841873913,1185.305652,707.0802478,1.018972976,8.23E-03,9.14E-03,1.00E-02,1.60E-02,0.025584331,0.031796922,1.27E-02,1.11E-02,1.12E-02,1.72E-02,2.78E-02,3.42E-02,9.45E-04,1.11E-03,2.32E-03,1.04E-02,2.40E-02,4.26E-02,2.88E-03,0.004438916,4.96E-03,1.31E-02,2.52E-02,3.50E-02,4.022852174,3.985217391,4.473608696,4.907782609,5.640217391,5.640217391,85.72521739,86.91695652,90.46434783,92.45434783,92.45434783,92.45434783,20.37333333,10.47727273,"$125,940,496","-$79,733,387",0
3.472395238,3.517214286,3.708352381,4.166947619,4.889595238,4.889595238,1173.883182,692.8640364,0.99765566,8.10E-03,8.73E-03,9.27E-03,1.46E-02,2.30E-02,2.94E-02,1.28E-02,1.06E-02,1.03E-02,1.56E-02,2.50E-02,2.95E-02,8.53E-04,9.10E-04,2.07E-03,9.00E-03,2.03E-02,3.65E-02,3.41E-03,4.85E-03,5.16E-03,1.19E-02,2.22E-02,3.06E-02,3.872552381,3.927,4.400714286,4.872380952,5.564666667,5.564666667,87.36190476,85.94761905,88.04809524,89.27857143,89.27857143,89.27857143,20.09571429,11.38636364,"$46,207,109","-$6,728,822",0
3.178680952,3.44532381,3.498438095,4.015147619,4.8184,4.8184,1207.21619,681.0174524,0.9807344,7.97E-03,9.12E-03,9.98E-03,1.57E-02,0.023981925,0.029896854,1.28E-02,0.011173135,1.11E-02,0.016666685,2.64E-02,3.14E-02,8.19E-04,1.21E-03,2.79E-03,1.07E-02,2.21E-02,0.034996902,3.92E-03,5.55E-03,6.37E-03,1.39E-02,2.38E-02,3.01E-02,3.550333333,3.855142857,4.118190476,4.63247619,5.408190476,5.408190476,84.26571429,86.65428571,87.30190476,87.7552381,87.7552381,87.7552381,17.56954545,9.3075,"$39,478,287","-$6,752,844",0
3.111790476,3.301304762,3.391890476,3.900271429,4.715985714,4.715985714,1223.476818,684.5337682,0.975780992,8.30E-03,8.75E-03,9.36E-03,1.44E-02,2.22E-02,2.82E-02,1.27E-02,0.010953378,1.08E-02,1.54E-02,2.46E-02,2.92E-02,8.23E-04,1.10E-03,2.50E-03,9.10E-03,0.020654668,3.34E-02,4.52E-03,6.50E-03,7.03E-03,0.012990019,2.23E-02,2.84E-02,3.244533333,3.676190476,3.891904762,4.423666667,5.26147619,5.26147619,96.62714286,97.12571429,95.76761905,92.73571429,92.73571429,92.73571429,17.3155,10.51363636,"$32,725,443","$1,037,991",1
2.824114286,2.943990476,3.290261905,3.834480952,4.606880952,4.606880952,1244.323182,674.1027818,0.977011724,7.95E-03,8.83E-03,9.07E-03,1.33E-02,2.10E-02,2.62E-02,1.28E-02,1.11E-02,1.06E-02,1.45E-02,0.023292991,2.70E-02,8.62E-04,1.09E-03,2.51E-03,9.00E-03,2.04E-02,3.31E-02,5.32E-03,6.57E-03,7.11E-03,1.29E-02,2.18E-02,2.79E-02,3.1402,3.281047619,3.713047619,4.261619048,5.084761905,5.084761905,97.65619048,98.8547619,97.60714286,93.92285714,93.92285714,93.92285714,17.43,9.880952381,"$33,763,434","$9,138,997",1
2.3973,2.42264,3.104165,3.588205,4.488565,4.488565,1298.101818,702.5246545,0.987038781,7.98E-03,9.60E-03,1.00E-02,1.36E-02,2.08E-02,2.63E-02,1.28E-02,1.20E-02,1.17E-02,1.49E-02,2.31E-02,2.67E-02,8.62E-04,1.18E-03,2.38E-03,8.33E-03,2.01E-02,3.35E-02,5.42E-03,0.005409862,5.99E-03,1.16E-02,2.12E-02,2.83E-02,2.67268,2.7456,3.5407,4.0671,4.978,4.978,100.057,100.6985,100.5995,97.245,97.245,97.245,20.72347826,10.86904762,"$42,902,431","$5,286,237",1
2.029255,2.098545,3.107845,3.59204,4.41865,4.41865,1352.90381,713.7413571,1.002869446,9.08E-03,1.01E-02,1.09E-02,1.44E-02,2.13E-02,2.68E-02,1.28E-02,1.25E-02,1.27E-02,1.63E-02,2.40E-02,2.80E-02,8.47E-04,1.71E-03,2.78E-03,8.38E-03,2.03E-02,3.48E-02,4.82E-03,4.73E-03,5.51E-03,0.011039942,2.10E-02,0.029257915,2.49636,2.6699,3.6422,4.1707,4.93695,4.93695,101.754,103.0165,104.2365,99.8965,99.8965,99.8965,16.244,9.642857143,"$48,188,668","$7,427,416",1
1.701740909,1.804168182,2.86185,3.381181818,4.272290909,4.272290909,1389.24,709.5003818,1.006473213,9.06E-03,1.08E-02,1.18E-02,1.57E-02,2.21E-02,2.73E-02,1.27E-02,1.30E-02,1.41E-02,1.86E-02,2.59E-02,2.95E-02,7.76E-04,2.04E-03,3.43E-03,1.02E-02,2.23E-02,3.64E-02,4.49E-03,4.85E-03,5.90E-03,0.012577181,2.29E-02,3.11E-02,2.155290909,2.392272727,3.425818182,3.986818182,4.823636364,4.823636364,106.0604545,106.9995455,107.5177273,102.1868182,102.1868182,102.1868182,16.91142857,12.23068182,"$55,616,084","-$10,213,124",0
1.555435,1.62539,2.6973,3.270125,4.12057,4.12057,1386.98381,691.7801095,1.007328068,9.72E-03,1.15E-02,1.28E-02,1.62E-02,0.021703621,2.68E-02,1.29E-02,0.013790436,1.52E-02,1.94E-02,2.59E-02,0.029520557,8.02E-04,1.86E-03,2.94E-03,9.00E-03,2.11E-02,3.55E-02,4.47E-03,4.96E-03,5.79E-03,0.011767776,2.19E-02,3.02E-02,1.9463,2.1433,3.2385,3.82425,4.601,4.601,103.0045,104.1705,104.903,100.41,100.41,100.41,19.15318182,12.29638095,"$45,402,960","$173,398,394",1
1.965759091,2.046559091,2.924713636,3.330168182,4.041540909,4.041540909,1340.253043,660.8463783,0.989934321,9.83E-03,1.15E-02,1.21E-02,1.47E-02,1.95E-02,0.02517397,1.31E-02,1.35E-02,1.45E-02,1.74E-02,2.32E-02,2.64E-02,8.71E-04,1.86E-03,2.78E-03,7.65E-03,1.85E-02,3.27E-02,4.42E-03,5.34E-03,6.09E-03,1.09E-02,1.97E-02,2.75E-02,2.426190909,2.563863636,3.415090909,3.778636364,4.3555,4.3555,95.185,95.23545455,95.85636364,92.43318182,92.43318182,92.43318182,19.2275,11.89130435,"$218,801,354","-$159,517,477",0
1.868980952,1.993428571,2.879519048,3.313214286,4.092347619,4.092347619,1323.484286,656.3994,0.972924881,8.76E-03,9.69E-03,1.00E-02,1.28E-02,1.84E-02,2.40E-02,1.30E-02,1.20E-02,1.24E-02,1.53E-02,2.19E-02,2.56E-02,8.41E-04,1.91E-03,2.88E-03,7.17E-03,1.66E-02,3.01E-02,4.43E-03,5.13E-03,5.67E-03,9.93E-03,0.018060757,0.025446354,2.464442857,2.538285714,3.348857143,3.699666667,4.257857143,4.257857143,83.36136364,83.00954545,85.40954545,85.07909091,85.07909091,85.07909091,35.02913043,8.702380952,"$59,283,877","-$9,927,773",0
2.2498,2.352747619,3.004461905,3.43577619,4.110742857,4.110742857,1360.423636,664.2718227,0.986402846,8.85E-03,9.66E-03,9.92E-03,1.26E-02,1.78E-02,0.023486022,1.29E-02,1.21E-02,1.24E-02,1.52E-02,2.11E-02,2.54E-02,9.17E-04,1.77E-03,2.49E-03,6.29E-03,1.56E-02,2.90E-02,4.33E-03,4.24E-03,4.79E-03,8.52E-03,1.67E-02,2.47E-02,2.950542857,2.957428571,3.568857143,3.903571429,4.413238095,4.413238095,88.74619048,88.5,90.54428571,88.71095238,88.71095238,88.71095238,36.53,7.411363636,"$49,356,104","$142,773,827",1
2.0761,2.217834783,2.868530435,3.314613043,4.038082609,4.038082609,1403.440435,680.0941209,1.00721169,9.91E-03,1.11E-02,1.15E-02,1.41E-02,1.87E-02,2.45E-02,1.29E-02,1.33E-02,1.41E-02,1.71E-02,2.27E-02,2.60E-02,9.63E-04,1.81E-03,2.69E-03,7.17E-03,1.72E-02,3.07E-02,4.12E-03,3.93E-03,4.59E-03,9.08E-03,1.83E-02,2.67E-02,2.811556522,2.83373913,3.521565217,3.865130435,4.476173913,4.476173913,94.50478261,94.63347826,95.5373913,91.91434783,91.91434783,91.91434783,32.82904762,7.641304348,"$192,129,931","-$123,482,844",0
2.235752632,2.599694737,2.945831579,3.341652632,3.981394737,3.981394737,1441.5775,701.822245,1.021622635,9.89E-03,1.12E-02,1.15E-02,1.38E-02,1.89E-02,0.024886612,1.29E-02,1.34E-02,1.41E-02,0.016887661,2.27E-02,2.62E-02,1.02E-03,1.72E-03,2.52E-03,6.66E-03,1.75E-02,0.031882282,3.73E-03,3.56E-03,3.96E-03,8.12E-03,1.81E-02,2.79E-02,2.845715789,3.057210526,3.611947368,3.951789474,4.516263158,4.516263158,94.61157895,95.11842105,95.58631579,92.08052632,92.08052632,92.08052632,31.94190476,9.04375,"$68,647,087","$204,032,745",1
2.982486957,3.293052174,3.350052174,3.597569565,4.21823913,4.21823913,1435.566522,705.5416087,1.013081215,9.64E-03,1.07E-02,1.10E-02,1.37E-02,1.88E-02,2.48E-02,0.012893899,1.28E-02,1.35E-02,1.66E-02,2.26E-02,2.61E-02,1.03E-03,1.89E-03,2.77E-03,7.09E-03,1.78E-02,3.23E-02,3.20E-03,3.21E-03,3.87E-03,8.25E-03,0.018122398,2.82E-02,3.324365217,3.777347826,3.963217391,4.190217391,4.747434783,4.747434783,90.36695652,90.30521739,92.01391304,89.82130435,89.82130435,89.82130435,25.04761905,7.392272727,"$272,679,832","-$148,725,788",0
3.20907619,3.282666667,3.381804762,3.631533333,4.217938095,4.217938095,1394.354091,696.5744136,1.003061875,9.64E-03,1.05E-02,1.08E-02,1.34E-02,1.81E-02,2.40E-02,1.29E-02,1.26E-02,1.33E-02,1.64E-02,2.20E-02,2.56E-02,9.02E-04,1.82E-03,2.68E-03,6.70E-03,1.69E-02,3.11E-02,3.01E-03,3.22E-03,3.81E-03,7.84E-03,1.72E-02,2.69E-02,3.53952381,3.798571429,3.931571429,4.174857143,4.688190476,4.688190476,86.33190476,87.55857143,90.25619048,89.24,89.24,89.24,20.228,7.329545455,"$123,954,044.00","-$54,376,118",0
3.00325,2.99258,3.287435,3.63805,4.29228,4.29228,1422.49381,705.9057476,1.010091961,9.39E-03,1.07E-02,1.10E-02,0.013681885,0.018483663,2.43E-02,1.29E-02,1.30E-02,1.36E-02,1.67E-02,2.24E-02,2.61E-02,6.77E-04,1.62E-03,2.54E-03,6.99E-03,1.76E-02,3.20E-02,3.03E-03,3.22E-03,3.79E-03,8.20E-03,1.80E-02,2.84E-02,3.37335,3.474,3.8139,4.13975,4.7088,4.7088,87.9805,89.1665,91.0065,89.7295,89.7295,89.7295,18.4205,7.347619048,"$69,577,925.88","$82,417,673",1
2.8914,2.879004762,3.397542857,3.754157143,4.459847619,4.459847619,1478.281304,726.5655652,1.008053319,9.10E-03,1.09E-02,1.16E-02,0.015017559,2.01E-02,2.56E-02,1.29E-02,1.32E-02,1.42E-02,1.78E-02,0.023943547,2.77E-02,7.01E-04,1.55E-03,2.61E-03,8.02E-03,0.019425123,3.41E-02,2.97E-03,3.17E-03,3.99E-03,9.21E-03,1.98E-02,3.06E-02,3.320838095,3.359761905,3.950380952,4.312619048,4.884904762,4.884904762,94.69428571,95.53904762,94.85,91.50619048,91.50619048,91.50619048,16.16727273,6.002173913,"$151,995,598.60","-$54,371,871",0
2.914057895,2.880952632,3.465042105,3.840084211,4.553852632,4.553852632,1512.6855,731.46723,0.990505209,9.28E-03,1.04E-02,1.10E-02,1.50E-02,2.07E-02,0.026751628,1.28E-02,1.28E-02,1.37E-02,1.78E-02,2.44E-02,2.90E-02,9.46E-04,1.66E-03,2.60E-03,8.49E-03,2.03E-02,3.53E-02,2.86E-03,3.20E-03,4.11E-03,9.96E-03,2.11E-02,3.19E-02,3.318852632,3.365,4.019210526,4.393578947,4.967736842,4.967736842,95.78,96.13315789,95.45947368,91.52578947,91.52578947,91.52578947,17.823,3.8575,"$97,623,728.08","-$12,552,667",0
3.27859,3.25908,3.687935,3.908985,4.53126,4.53126,1551.703333,734.1468524,0.976540628,9.41E-03,1.01E-02,9.81E-03,1.34E-02,0.019619606,2.65E-02,1.28E-02,1.25E-02,1.29E-02,1.68E-02,2.37E-02,2.89E-02,8.41E-04,1.56E-03,2.52E-03,8.19E-03,2.01E-02,3.55E-02,2.75E-03,3.26E-03,4.03E-03,9.82E-03,0.021090359,3.22E-02,3.78887,3.8048,4.24445,4.47495,4.94955,4.94955,92.478,93.5455,91.518,88.4175,88.4175,88.4175,21.00181818,1.797619048,"$85,071,061.04","$91,928,692",1
3.489831818,3.495890909,3.827586364,3.869477273,4.2658,4.2658,1570.702273,704.2916864,0.981806939,9.41E-03,0.010145864,9.58E-03,1.22E-02,0.017528627,2.50E-02,1.28E-02,1.25E-02,1.29E-02,1.63E-02,2.25E-02,2.73E-02,6.06E-04,1.36E-03,2.30E-03,7.11E-03,1.80E-02,3.29E-02,2.72E-03,3.07E-03,3.73E-03,8.80E-03,1.95E-02,3.03E-02,4.156613636,4.196681818,4.435863636,4.450863636,4.738272727,4.738272727,90.85136364,92.52681818,90.16636364,87.40818182,87.40818182,87.40818182,21.13095238,0.011363636,"$176,999,752.62","-$73,232,878",0
3.409809091,3.419222727,3.568677273,3.629577273,4.026063636,4.026063636,1640.266957,721.4233478,0.979917841,9.85E-03,1.04E-02,1.01E-02,1.37E-02,1.91E-02,2.63E-02,1.27E-02,1.28E-02,1.35E-02,1.75E-02,2.40E-02,2.85E-02,3.87E-04,1.31E-03,2.49E-03,8.46E-03,1.98E-02,3.47E-02,2.67E-03,3.03E-03,3.90E-03,1.01E-02,2.14E-02,3.23E-02,4.035145455,4.112090909,4.132227273,4.172090909,4.558590909,4.558590909,95.45636364,95.035,91.48863636,87.94818182,87.94818182,87.94818182,17.5652381,-1.5225,"$103,766,874.42","-$18,358,286",0
3.120775,3.127445,3.366465,3.49653,4.06209,4.06209,1618.7725,700.142705,0.969385683,0.010098469,0.010908771,1.15E-02,1.68E-02,2.26E-02,0.028468574,1.27E-02,1.32E-02,1.49E-02,2.07E-02,2.78E-02,3.16E-02,4.48E-04,1.62E-03,3.28E-03,1.21E-02,2.35E-02,0.037454115,2.66E-03,3.39E-03,4.88E-03,1.40E-02,2.57E-02,3.50E-02,3.8066,3.8251,3.9737,4.07485,4.62635,4.62635,95.7555,96.018,91.59,87.234,87.234,87.234,15.68956522,-1.48725,"$85,408,587.93","$201,169,119",1
2.706795455,2.766490909,3.3324,3.459713636,4.0075,4.0075,1666.359565,715.5337609,0.961259353,1.01E-02,1.10E-02,1.14E-02,1.81E-02,2.47E-02,0.030078252,0.012708438,1.31E-02,0.014866035,2.21E-02,2.97E-02,3.34E-02,2.79E-04,1.57E-03,3.41E-03,1.41E-02,2.63E-02,0.039313053,2.60E-03,3.40E-03,5.04E-03,1.59E-02,2.87E-02,3.78E-02,3.627290909,3.6425,3.912772727,4.069454545,4.613590909,4.613590909,105.1672727,103.3736364,94.28863636,88.27454545,88.27454545,88.27454545,15.28473684,-2.620714286,"$286,577,707.24","-$208,536,693",0
2.269195455,2.553127273,3.235140909,3.312736364,3.758586364,3.758586364,1670.093636,724.0901364,0.96133088,9.76E-03,1.10E-02,0.011799307,1.95E-02,2.64E-02,3.17E-02,1.27E-02,1.31E-02,1.52E-02,2.32E-02,3.13E-02,3.53E-02,3.73E-04,1.57E-03,3.56E-03,1.53E-02,2.82E-02,4.14E-02,2.55E-03,3.28E-03,5.18E-03,1.70E-02,3.01E-02,3.94E-02,3.425522727,3.437772727,3.818545455,4.009272727,4.450454545,4.450454545,105.7168182,105.3545455,95.53545455,88.87045455,88.87045455,88.87045455,16.27619048,-2.435294118,"$78,041,014.62","$19,647,440",1
1.99955,3.18604,3.387025,3.37289,3.670575,3.670575,1684.976667,735.8605619,0.966050682,9.74E-03,1.08E-02,1.25E-02,0.020298047,0.02738807,3.27E-02,1.27E-02,1.32E-02,1.55E-02,2.40E-02,3.23E-02,3.67E-02,1.68E-04,1.55E-03,4.04E-03,1.62E-02,2.90E-02,4.17E-02,2.47E-03,3.22E-03,5.42E-03,1.76E-02,3.06E-02,3.98E-02,3.610675,3.6871,3.92875,4.0598,4.38075,4.38075,106.7555,104.571,95.156,88.0375,88.0375,88.0375,16.70190476,-1.4625,"$97,688,454.24","$6,133,139",1
3.167369565,3.399834783,3.358782609,3.341173913,3.616043478,3.616043478,1720.313913,749.8055609,0.964872062,9.19E-03,1.01E-02,1.15E-02,1.84E-02,2.58E-02,0.031889729,1.27E-02,1.29E-02,0.014318736,2.20E-02,3.06E-02,3.59E-02,6.40E-04,1.56E-03,3.38E-03,1.38E-02,2.70E-02,4.09E-02,2.34E-03,3.03E-03,4.54E-03,1.52E-02,2.84E-02,3.87E-02,3.651543478,3.781478261,3.901478261,4.020826087,4.344391304,4.344391304,100.8186957,100.4030435,94.35478261,87.96347826,87.96347826,87.96347826,17.307,2.630434783,"$103,821,593.51","$18,891,837",1
3.224925,3.227405,3.25036,3.2376,3.493565,3.493565,1785.415714,772.0269762,0.953225037,9.17E-03,9.95E-03,1.10E-02,1.81E-02,2.63E-02,3.24E-02,1.27E-02,0.012793766,0.013926078,2.12E-02,3.07E-02,3.63E-02,7.82E-04,1.60E-03,3.00E-03,1.38E-02,2.82E-02,4.24E-02,2.31E-03,2.68E-03,3.97E-03,1.48E-02,2.91E-02,3.98E-02,3.62255,3.6892,3.7816,3.9288,4.23145,4.23145,93.9365,94.4965,91.491,86.6565,86.6565,86.6565,13.5052381,2.012142857,"$122,713,430.22","-$38,390,268",0
3.685519048,3.672766667,3.757057143,3.536585714,3.742738095,3.742738095,1806.853333,767.3272286,0.940097217,9.10E-03,9.71E-03,1.08E-02,1.89E-02,2.76E-02,3.32E-02,1.27E-02,1.26E-02,0.013652799,2.18E-02,3.16E-02,3.69E-02,6.16E-04,1.72E-03,3.39E-03,1.58E-02,3.00E-02,4.29E-02,2.38E-03,2.84E-03,4.28E-03,1.65E-02,3.07E-02,4.05E-02,4.244395238,4.285095238,4.216714286,4.139952381,4.339857143,4.339857143,97.72095238,98.0752381,92.11380952,86.12809524,86.12809524,86.12809524,14.07263158,0.333333333,"$84,323,161.76","$2,363,602",1
4.087104348,4.0239,3.997434783,3.727852174,3.917734783,3.917734783,1824.517826,788.7985696,0.914882829,8.72E-03,9.52E-03,1.03E-02,1.80E-02,0.026304925,3.19E-02,1.27E-02,0.012230526,1.31E-02,0.021016224,3.06E-02,3.60E-02,4.31E-04,1.68E-03,3.89E-03,0.016657271,2.96E-02,4.14E-02,2.33E-03,2.92E-03,4.98E-03,1.74E-02,3.05E-02,3.96E-02,4.724342857,4.486952381,4.365761905,4.210904762,4.422952381,4.422952381,94.04809524,94.71571429,88.61761905,82.84333333,82.84333333,82.84333333,13.0315,0.130434783,"$86,686,763.73","-$2,420,694",0
6.232965,4.52498,4.63362,3.898115,4.049345,4.049345,1820.3275,801.45286,0.904694215,8.65E-03,9.41E-03,1.00E-02,1.67E-02,2.50E-02,3.10E-02,1.26E-02,1.23E-02,1.30E-02,1.99E-02,2.91E-02,3.52E-02,5.00E-04,1.54E-03,3.27E-03,1.53E-02,0.028014483,0.040350461,2.30E-03,2.60E-03,4.43E-03,1.63E-02,2.91E-02,3.85E-02,5.699768421,4.635631579,4.827842105,4.380421053,4.486473684,4.486473684,100.8378947,99.57052632,91.83473684,85.25105263,85.25105263,85.25105263,13.96727273,-1.675,"$84,266,069.87","$2,829,295",1
4.660519048,4.38767619,4.689257143,4.123552381,4.302842857,4.302842857,1863.523333,818.4612857,0.900172001,8.40E-03,9.40E-03,1.06E-02,0.016914453,2.47E-02,3.04E-02,1.26E-02,1.26E-02,1.35E-02,2.02E-02,2.89E-02,3.46E-02,4.63E-04,1.78E-03,3.95E-03,1.65E-02,2.81E-02,3.97E-02,2.26E-03,2.73E-03,5.14E-03,1.73E-02,0.02918022,3.77E-02,4.58902381,4.452666667,4.681333333,4.393428571,4.600047619,4.600047619,100.1742857,99.33571429,91.5352381,85.46904762,85.46904762,85.46904762,13.49363636,-1.166666667,"$87,095,364.76","-$10,384,916",0
4.547427273,4.477,4.727868182,4.260172727,4.563913636,4.563913636,1864.29,824.3517682,0.90978995,9.19E-03,9.81E-03,1.11E-02,0.017418515,2.47E-02,3.03E-02,1.26E-02,1.27E-02,1.39E-02,2.06E-02,2.88E-02,3.45E-02,3.24E-04,1.66E-03,4.11E-03,1.72E-02,2.79E-02,3.82E-02,2.20E-03,2.55E-03,5.27E-03,1.80E-02,2.89E-02,3.66E-02,4.644647619,4.625714286,4.710428571,4.390428571,4.705857143,4.705857143,102.3838095,100.7233333,92.92809524,86.78571429,80.81380952,80.81380952,17.2715,-1.011136364,"$76,710,448.51","$6,972,894",1
4.368645455,4.310286364,3.849245455,3.650754545,4.253968182,4.253968182,1890.256364,836.7448955,0.918403518,9.16E-03,9.78E-03,1.06E-02,1.65E-02,2.35E-02,0.029191586,1.26E-02,0.012627597,1.36E-02,1.97E-02,2.76E-02,3.35E-02,2.68E-04,1.55E-03,3.83E-03,1.61E-02,2.63E-02,3.67E-02,2.18E-03,2.52E-03,5.10E-03,1.68E-02,2.72E-02,3.51E-02,4.546361905,4.544190476,4.126095238,4.106904762,4.554285714,4.554285714,101.5333333,100.5642857,92.95571429,87.1552381,81.56,81.56,13.97454545,-0.125,"$83,683,342.15","$12,612,902",1
4.476752381,4.437147619,3.827695238,3.634542857,4.240504762,4.240504762,1946.936667,854.8987,0.923836602,9.25E-03,9.86E-03,1.09E-02,1.66E-02,2.33E-02,2.89E-02,1.27E-02,1.28E-02,1.40E-02,1.98E-02,2.76E-02,3.38E-02,3.03E-04,1.83E-03,4.49E-03,1.69E-02,2.66E-02,3.70E-02,2.23E-03,2.76E-03,5.78E-03,1.77E-02,2.77E-02,0.035366271,4.560261905,4.598761905,4.12647619,4.142571429,4.634333333,4.634333333,105.5233333,103.8304762,95.9552381,90.08190476,85.40714286,85.40714286,14.21,-0.642619048,"$96,296,243.91","-$18,380,234",0
3.912395652,3.912065217,3.514086957,3.48006087,3.963495652,3.963495652,1974.983913,876.7802913,0.931561018,9.34E-03,1.00E-02,0.010901574,0.016111421,2.24E-02,0.02802075,1.27E-02,1.28E-02,1.41E-02,0.019516931,2.68E-02,3.30E-02,2.61E-04,1.97E-03,5.00E-03,1.71E-02,2.60E-02,3.60E-02,2.26E-03,2.99E-03,6.58E-03,1.81E-02,0.027099261,3.44E-02,4.008645455,4.024772727,3.888181818,4.013,4.4915,4.4915,103.5054545,100.9472727,95.46545455,91.30363636,87.61909091,87.61909091,14.692,-1.613636364,"$77,916,009.56","$14,020,683",1
3.792147619,3.891195238,3.547204762,3.628295238,3.876390476,3.876390476,1961.278095,884.2782714,0.915520124,9.38E-03,1.00E-02,1.08E-02,1.53E-02,2.11E-02,2.68E-02,1.27E-02,1.28E-02,1.39E-02,1.89E-02,2.56E-02,0.031777796,2.54E-04,1.83E-03,4.69E-03,1.65E-02,2.48E-02,3.45E-02,2.26E-03,3.10E-03,6.73E-03,1.79E-02,2.62E-02,3.29E-02,3.888047619,3.927142857,3.875904762,3.998619048,4.371095238,4.371095238,95.2696381,94.71952381,92.33857143,89.72904762,87.60666667,87.60666667,15.40782609,-2.047619048,"$91,936,692.87","-$6,902,609",0
3.810736364,3.939318182,3.552440909,3.623354545,3.819704545,3.819704545,1995.436364,887.8932591,0.908434504,9.16E-03,9.95E-03,1.15E-02,1.65E-02,2.23E-02,0.027612976,1.27E-02,1.30E-02,1.46E-02,2.01E-02,2.66E-02,3.23E-02,1.74E-04,2.08E-03,5.56E-03,1.78E-02,2.57E-02,3.47E-02,2.27E-03,3.50E-03,7.73E-03,1.92E-02,2.71E-02,3.35E-02,3.9012,3.970142857,3.864142857,4.003,4.322904762,4.322904762,92.45149524,91.85,90.08904762,88.34333333,86.4452381,86.4452381,12.924,1.170909091,"$85,034,083.90","$43,166,585",1
3.544856522,3.799104348,3.416708696,3.46383913,3.864186957,3.864186957,1937.152609,835.7652652,0.891846277,0.008793716,9.69E-03,1.02E-02,0.015252867,2.07E-02,2.61E-02,0.012704641,1.28E-02,1.39E-02,1.88E-02,0.025147813,3.02E-02,1.64E-04,1.72E-03,4.40E-03,1.56E-02,2.35E-02,3.25E-02,2.23E-03,3.11E-03,6.82E-03,1.72E-02,2.48E-02,3.13E-02,3.767034783,3.878304348,3.71973913,3.873130435,4.28173913,4.28173913,83.87086087,83.41913043,81.92086957,81.89130435,82.25826087,82.25826087,14.19238095,5.113636364,"$128,200,668.41","-$35,917,668",0
3.807655,4.088325,3.439635,3.464495,3.87731,3.87731,2046.1215,862.348065,0.882589921,8.88E-03,9.68E-03,0.010207603,1.55E-02,0.02078233,2.62E-02,1.28E-02,1.30E-02,1.41E-02,0.01897856,2.51E-02,3.00E-02,2.28E-04,2.11E-03,5.23E-03,1.63E-02,2.37E-02,3.24E-02,2.25E-03,3.29E-03,7.19E-03,0.017552631,2.49E-02,3.11E-02,4.118473684,4.336263158,3.791,3.862315789,4.238210526,4.238210526,75.80792105,75.81421053,76.44157895,77.69894737,80.48263158,80.48263158,14.24095238,3.3875,"$92,283,000.20","$24,531,332",1
3.069234783,3.207965217,3.283504348,3.45976087,4.002978261,4.002978261,2055.702174,840.6376565,0.866276743,8.91E-03,9.66E-03,1.00E-02,1.42E-02,1.93E-02,2.46E-02,1.28E-02,0.013070378,0.014251014,0.018217413,2.38E-02,2.88E-02,2.54E-04,2.75E-03,6.28E-03,1.65E-02,2.24E-02,3.00E-02,2.39E-03,4.00E-03,8.35E-03,1.77E-02,2.36E-02,0.028694098,3.440413636,3.528681818,3.522545455,3.774454545,4.290409091,4.290409091,59.44034545,59.72818182,62.94045455,66.88454545,71.66863636,71.66863636,15.47,0.285714286,"$116,814,332.29","-$10,856,335",0
2.604385,2.606725,3.02539,3.38328,3.89579,3.89579,2027.761429,844.0322095,0.825078801,7.88E-03,9.40E-03,8.86E-03,1.04E-02,1.59E-02,2.18E-02,1.19E-02,1.13E-02,1.16E-02,0.0145881,2.02E-02,2.55E-02,2.33E-04,2.26E-03,5.37E-03,1.38E-02,1.90E-02,2.60E-02,2.49E-03,3.95E-03,7.66E-03,1.52E-02,2.02E-02,2.44E-02,2.95179,2.9129,3.30805,3.61475,4.0857,4.0857,47.61445,48.32,55.177,60.6915,66.7685,66.7685,14.83666667,2.216136364,"$105,957,997.52","$10,426,671",1
2.606978947,2.608689474,3.170342105,3.440442105,3.966468421,3.966468421,2082.9355,885.408235,0.799968494,5.24E-03,0.009247113,8.42E-03,7.66E-03,1.38E-02,2.11E-02,9.57E-03,7.94E-03,8.24E-03,1.17E-02,1.85E-02,2.49E-02,1.68E-04,2.43E-03,6.08E-03,1.48E-02,2.01E-02,0.027130901,2.54E-03,4.60E-03,8.61E-03,0.016351318,2.13E-02,2.52E-02,2.877173684,2.766789474,3.325052632,3.647263158,4.073842105,4.073842105,51.31755263,52.70473684,60.56473684,64.19157895,69.68947368,69.68947368,14.19809524,1.75025,116384668.3,"$39,152,527",1
2.586295455,2.583804545,3.132086364,3.37095,3.834386364,3.834386364,2079.990455,871.6739091,0.792951569,5.42E-03,6.13E-03,5.76E-03,8.35E-03,1.43E-02,2.15E-02,9.95E-03,8.86E-03,9.09E-03,1.24E-02,1.92E-02,2.54E-02,8.66E-05,2.79E-03,0.006365866,1.53E-02,2.07E-02,2.76E-02,2.60E-03,4.84E-03,0.008839259,1.67E-02,2.17E-02,2.53E-02,2.758418182,2.7725,3.259,3.5605,3.912863636,3.912863636,49.09262727,50.73363636,57.73727273,61.33863636,66.85818182,66.85818182,12.4752381,0.204772727,155537194.9,"-$23,670,075",0
2.425261905,2.453257143,2.873519048,3.177442857,3.670528571,3.670528571,2093.594545,891.6457636,0.810752636,6.05E-03,6.31E-03,5.88E-03,8.45E-03,1.42E-02,2.13E-02,9.96E-03,9.33E-03,9.56E-03,1.26E-02,1.90E-02,2.48E-02,1.83E-04,2.30E-03,5.33E-03,1.36E-02,1.96E-02,2.73E-02,2.67E-03,4.41E-03,7.80E-03,1.51E-02,2.03E-02,2.45E-02,2.569714286,2.629095238,3.091142857,3.413761905,3.814666667,3.814666667,55.56668571,56.83619048,60.95666667,63.30952381,65.86095238,65.86095238,11.54142857,0.618055556,131867119.9,"-$42,693,530",0
2.66954,2.677275,2.829925,2.93307,3.287285,3.287285,2112.615714,881.2790238,0.821032801,6.40E-03,7.01E-03,6.73E-03,1.08E-02,1.78E-02,2.42E-02,9.95E-03,9.85E-03,1.06E-02,1.50E-02,2.21E-02,2.77E-02,1.61E-04,2.45E-03,6.14E-03,1.56E-02,2.24E-02,0.031580309,2.70E-03,4.67E-03,8.52E-03,1.68E-02,2.30E-02,2.77E-02,2.8392,2.89825,3.0875,3.2109,3.4889,3.4889,59.957605,60.4705,62.901,64.594,67.84,67.84,12.29636364,1.96275,89173590.25,"$22,385,958",1
2.464586364,2.47625,2.723259091,2.852040909,3.2413,3.2413,2099.279091,863.9437273,0.809344178,6.01E-03,6.66E-03,6.19E-03,1.03E-02,1.83E-02,2.46E-02,9.94E-03,9.50E-03,1.02E-02,0.014810396,2.29E-02,2.84E-02,1.07E-04,2.75E-03,6.83E-03,0.016912555,2.40E-02,3.32E-02,2.74E-03,5.16E-03,9.19E-03,1.81E-02,2.48E-02,2.95E-02,2.763463636,2.791909091,3.046454545,3.186909091,3.429,3.429,60.11680909,60.44727273,62.47727273,63.94318182,68.02181818,68.02181818,13.49190476,2.102272727,111559548.5,"-$8,457,618",0
2.704472727,2.695072727,2.770295455,2.857481818,3.306859091,3.306859091,2093.392609,846.1759652,0.778381912,4.67E-03,4.80E-03,4.50E-03,8.10E-03,1.64E-02,2.33E-02,8.44E-03,7.45E-03,8.11E-03,1.26E-02,2.12E-02,2.73E-02,2.52E-04,2.90E-03,6.63E-03,1.64E-02,2.37E-02,3.28E-02,2.80E-03,5.12E-03,8.95E-03,1.76E-02,2.45E-02,0.029487975,2.835968182,2.811681818,3.068409091,3.214681818,3.471590909,3.471590909,51.16610909,51.565,55.48954545,58.71590909,64.60136364,64.60136364,13.46666667,0.717391304,103101930.4,"$19,482,350",1
2.805561905,2.807847619,2.776057143,2.800357143,3.206285714,3.206285714,2039.866667,827.5992238,0.760893433,3.78E-03,4.06E-03,4.04E-03,7.14E-03,1.47E-02,2.20E-02,7.43E-03,6.44E-03,7.14E-03,1.14E-02,1.94E-02,2.58E-02,6.95E-04,3.63E-03,6.95E-03,0.015492028,2.20E-02,3.03E-02,3.09E-03,5.44E-03,9.01E-03,1.66E-02,2.27E-02,2.71E-02,2.770214286,2.77647619,2.982904762,3.094,3.317714286,3.317714286,43.2389381,44.07285714,49.55333333,54.01190476,60.93666667,60.93666667,18.05869565,0.619047619,122584280.2,"-$32,290,623",0
2.752877273,2.768563636,2.740613636,2.831163636,3.214709091,3.214709091,1943.350909,792.8654318,0.753453694,3.87E-03,4.56E-03,4.85E-03,7.94E-03,1.57E-02,2.33E-02,7.63E-03,6.98E-03,7.59E-03,1.15E-02,1.95E-02,2.61E-02,2.41E-04,3.47E-03,7.05E-03,1.49E-02,2.20E-02,3.16E-02,3.20E-03,5.19E-03,8.23E-03,1.54E-02,2.21E-02,2.75E-02,2.630028571,2.70747619,2.888333333,3.021571429,3.234571429,3.234571429,45.78708095,46.33619048,50.39809524,53.88047619,59.42190476,59.42190476,13.41315789,0.750227273,90293657.63,"-$6,190,430",0
2.452931818,2.538945455,2.528922727,2.708618182,3.12175,3.12175,2024.812727,808.31285,0.765093378,4.01E-03,4.86E-03,5.28E-03,8.43E-03,1.57E-02,2.36E-02,8.03E-03,7.67E-03,8.15E-03,1.19E-02,1.93E-02,2.54E-02,4.55E-04,2.75E-03,6.38E-03,0.013943382,2.10E-02,3.10E-02,3.09E-03,4.76E-03,7.45E-03,1.41E-02,2.05E-02,2.62E-02,2.279677273,2.585818182,2.724227273,2.903681818,3.141954545,3.141954545,46.59385,47.35272727,51.10636364,53.95,58.80272727,58.80272727,16.29227273,-0.460227273,84103228.03,"$31,536,483",1
2.398580952,2.433442857,2.439090476,2.724533333,3.117042857,3.117042857,2081.009524,788.2099333,0.753285306,4.30E-03,5.22E-03,6.28E-03,9.87E-03,1.75E-02,2.42E-02,8.25E-03,8.17E-03,8.95E-03,1.28E-02,2.00E-02,2.59E-02,1.13E-03,5.01E-03,8.80E-03,0.016755345,2.30E-02,3.24E-02,3.53E-03,6.26E-03,9.47E-03,1.60E-02,2.16E-02,2.66E-02,2.12335,2.42375,2.6102,2.83215,3.0874,3.0874,43.78181,44.8515,49.3155,52.4165,57.7295,57.7295,19.1195,-5.05952381,115639710.9,"-$22,397,542",0
2.185982609,2.221591304,2.466813043,2.859826087,3.387482609,3.387482609,2054.378696,774.4215739,0.729292603,4.59E-03,5.03E-03,5.32E-03,8.43E-03,1.58E-02,0.022739268,8.51E-03,7.94E-03,8.36E-03,1.18E-02,1.91E-02,2.54E-02,2.15E-03,6.46E-03,9.76E-03,1.70E-02,2.26E-02,3.16E-02,5.23E-03,7.69E-03,1.07E-02,1.66E-02,2.18E-02,2.66E-02,1.938663636,2.098727273,2.518954545,2.811,3.199545455,3.199545455,38.22206364,39.34727273,44.63636364,48.67909091,55.42409091,55.42409091,15.90421053,-3.636363636,93242168.46,"$42,374,769",1
2.256304762,2.244990476,2.781038095,3.010442857,3.614128571,3.614128571,1923.814286,728.1140905,0.703829924,0.004177872,4.13E-03,3.96E-03,7.04E-03,1.41E-02,2.15E-02,8.53E-03,6.94E-03,7.01E-03,9.86E-03,1.70E-02,2.37E-02,2.49E-03,5.83E-03,9.17E-03,1.55E-02,2.13E-02,3.08E-02,6.06E-03,7.50E-03,9.72E-03,1.46E-02,1.98E-02,2.47E-02,2.252052632,2.239894737,2.743578947,2.958,3.321210526,3.321210526,32.50774211,33.73263158,39.53105263,43.03684211,48.84263158,48.84263158,14.81272727,-2.988095238,135616937.3,"-$17,203,113",0
1.703752381,1.729185714,2.574714286,2.859171429,3.386614286,3.386614286,1902.529524,742.4949619,0.725196275,4.41E-03,4.42E-03,4.23E-03,6.00E-03,1.26E-02,2.01E-02,8.52E-03,7.31E-03,7.12E-03,8.64E-03,1.45E-02,2.03E-02,3.07E-03,5.28E-03,7.23E-03,1.22E-02,1.79E-02,2.81E-02,6.13E-03,6.84E-03,7.89E-03,1.16E-02,1.66E-02,2.19E-02,1.94365,1.9897,2.69345,2.9065,3.17395,3.17395,32.03058,33.7675,40.1465,43.402,48.043,48.043,13.4947619,-4.1125,118413824.5,"-$12,589,878",0
1.246056522,1.29113913,2.615904348,2.876565217,3.317656522,3.317656522,2022.561304,784.6331043,0.757075799,4.40E-03,5.20E-03,5.46E-03,7.15E-03,1.42E-02,0.02132494,8.77E-03,8.45E-03,8.48E-03,9.90E-03,1.54E-02,2.12E-02,2.89E-03,5.92E-03,8.69E-03,1.37E-02,1.89E-02,2.85E-02,6.15E-03,7.83E-03,9.40E-03,0.013053096,1.75E-02,2.24E-02,1.697918182,1.896136364,2.786818182,2.978,3.193,3.193,39.03882727,40.13267273,43.76727273,46.08454545,49.39136364,49.39136364,13.3385,-4.936956522,105823946.8,"$3,727,684",1
1.05372381,1.18477619,2.531495238,2.850804762,3.346804762,3.346804762,2076.312857,799.0019667,0.780529841,5.02E-03,5.67E-03,6.03E-03,7.98E-03,1.47E-02,2.08E-02,9.15E-03,9.30E-03,9.32E-03,0.010695638,1.58E-02,2.10E-02,2.27E-03,4.98E-03,7.66E-03,1.26E-02,1.82E-02,2.81E-02,6.20E-03,7.49E-03,8.91E-03,1.22E-02,1.68E-02,2.22E-02,1.91007619,2.108571429,2.940571429,3.077666667,3.31447619,3.31447619,41.93987143,42.82099524,45.4252381,47.10285714,50.61809524,50.61809524,14.33954545,-5.680952381,109551631.1,"-$29,654,903",0
1.160018182,1.457263636,2.402281818,2.5592,2.982131818,2.982131818,2067.025455,809.4791773,0.772376823,5.16E-03,5.77E-03,5.98E-03,7.70E-03,0.014242702,2.07E-02,9.11E-03,9.45E-03,9.66E-03,1.10E-02,1.59E-02,2.11E-02,2.71E-03,5.46E-03,8.19E-03,1.31E-02,1.82E-02,2.81E-02,6.29E-03,7.93E-03,9.48E-03,1.26E-02,1.68E-02,2.20E-02,1.902666667,2.220761905,2.825047619,2.828952381,3.064952381,3.064952381,47.27274762,47.7114619,49.59142857,50.55761905,54.56666667,54.56666667,14.35272727,-6.30952381,79896728.54,"$43,474,149",1
1.774790909,2.01635,2.503927273,2.504509091,2.851813636,2.851813636,2083.886364,817.5584409,0.776008731,4.99E-03,5.34E-03,5.36E-03,6.52E-03,1.25E-02,1.89E-02,8.87E-03,8.90E-03,9.02E-03,9.98E-03,0.014328365,1.90E-02,2.65E-03,5.06E-03,7.27E-03,1.17E-02,1.66E-02,2.63E-02,6.35E-03,7.54E-03,8.67E-03,1.13E-02,0.015269873,2.03E-02,2.576472727,2.670954545,2.941045455,2.845636364,3.029272727,3.029272727,49.23227273,49.78545455,51.94772727,52.78409091,55.59772727,55.59772727,19.42809524,-4.556818182,123370877.8,"-$23,541,955",0
2.244295238,2.281019048,2.650033333,2.553095238,2.85592381,2.85592381,2146.71381,839.1515762,0.767123453,4.80E-03,5.31E-03,5.50E-03,6.32E-03,1.14E-02,1.74E-02,8.83E-03,8.90E-03,8.87E-03,9.46E-03,1.30E-02,1.70E-02,2.92E-03,4.83E-03,6.63E-03,0.010651958,1.52E-02,0.023877574,6.78E-03,7.69E-03,8.63E-03,0.010645724,1.39E-02,1.83E-02,2.79775,2.7398,3.0453,2.86975,3.0512,3.0512,45.2385,45.9075,49.8315,52.199,56.011,56.011,24.37714286,-3.630952381,99828923.22,"$12,827,247",1
2.140573913,2.344004348,2.527395652,2.502134783,2.832743478,2.832743478,2177.482174,853.648472,0.769341772,5.00E-03,5.47E-03,5.52E-03,6.59E-03,1.14E-02,1.71E-02,8.95E-03,8.99E-03,9.02E-03,9.57E-03,1.28E-02,1.63E-02,2.94E-03,5.39E-03,7.38E-03,1.13E-02,1.57E-02,2.40E-02,7.85E-03,8.87E-03,9.80E-03,1.15E-02,1.44E-02,1.78E-02,2.773069565,2.759521739,3.017521739,2.853869565,3.068173913,3.068173913,45.25,45.96521739,49.63347826,51.70478261,55.18391304,55.18391304,16.78954545,-5.543478261,112656170.2,"$2,702,867",1
2.4712,2.650845455,2.588954545,2.439063636,2.619954545,2.619954545,2158.703636,852.5680045,0.76393352,5.08E-03,5.51E-03,5.60E-03,6.72E-03,1.19E-02,1.79E-02,8.95E-03,8.92E-03,9.06E-03,9.87E-03,1.31E-02,1.65E-02,2.88E-03,5.63E-03,7.67E-03,1.18E-02,1.64E-02,2.48E-02,8.25E-03,9.36E-03,1.02E-02,1.19E-02,1.48E-02,1.83E-02,2.940580952,2.977380952,3.058333333,2.837571429,2.971761905,2.971761905,45.56704286,46.18666667,49.85571429,51.84714286,55.3352381,55.3352381,16.21,-4.976190476,115359037.6,"-$23,611,575",0
2.903504762,2.973438095,2.791628571,2.530185714,2.603314286,2.603314286,2144.256667,860.9736333,0.754962435,4.84E-03,5.52E-03,5.70E-03,7.14E-03,1.29E-02,1.89E-02,8.98E-03,8.98E-03,9.20E-03,1.04E-02,1.41E-02,0.017724333,3.19E-03,5.91E-03,8.38E-03,1.27E-02,1.77E-02,2.64E-02,8.46E-03,9.56E-03,1.07E-02,1.28E-02,1.61E-02,1.98E-02,2.964666667,3.311047619,3.191857143,2.869190476,2.941571429,2.941571429,50.23888095,50.8147619,53.5652381,54.86,57.3052381,57.3052381,18.02545455,-5.583333333,91747462.34,"$54,044,251",1
2.637940909,2.670845455,2.695909091,2.541236364,2.609159091,2.609159091,2166.426364,873.5763091,0.743794357,4.72E-03,5.57E-03,6.29E-03,9.08E-03,1.59E-02,2.13E-02,8.94E-03,8.98E-03,9.66E-03,1.23E-02,1.71E-02,2.11E-02,4.51E-03,7.16E-03,9.84E-03,1.60E-02,2.17E-02,3.04E-02,8.76E-03,1.02E-02,1.20E-02,1.61E-02,2.01E-02,2.35E-02,2.558685714,3.017142857,3.063619048,2.844333333,2.941190476,2.941190476,46.18269048,46.9347619,50.38047619,51.85,55.06428571,55.06428571,23.71789474,-7.556818182,145791712.9,"$10,113,388",1
3.254036364,3.301481818,3.264159091,2.724686364,2.529886364,2.529886364,2247.369545,900.4753318,0.748958064,4.72E-03,5.85E-03,7.72E-03,1.16E-02,1.91E-02,2.39E-02,9.15E-03,9.70E-03,1.11E-02,1.48E-02,1.99E-02,2.41E-02,5.18E-03,8.15E-03,1.17E-02,1.94E-02,2.50E-02,3.29E-02,9.61E-03,1.15E-02,1.43E-02,1.97E-02,2.38E-02,2.66E-02,3.564528571,3.590952381,3.461952381,2.939761905,2.932809524,2.932809524,52.79338571,53.70380952,55.71238095,55.14,55.72142857,55.72142857,22.517,-9.7625,155905100.6,"-$10,638,679",0
2.75115,2.753177273,3.192531818,2.731422727,2.626190909,2.626190909,2273.445,914.3693818,0.757364142,4.41E-03,5.22E-03,6.96E-03,1.18E-02,1.92E-02,2.40E-02,9.52E-03,9.84E-03,1.10E-02,1.46E-02,1.94E-02,2.36E-02,5.18E-03,8.12E-03,0.012167285,1.96E-02,2.48E-02,3.18E-02,1.02E-02,1.20E-02,1.48E-02,0.019588301,2.32E-02,2.57E-02,3.26254,3.2881,3.53165,3.08305,3.0622,3.0622,53.161725,53.9045,56.0455,55.914,56.3575,56.3575,15.84909091,-9.154761905,145266421.7,"$246,484",1
2.384635,2.37296,3.049995,2.797245,2.70564,2.70564,2330.972,923.06103,0.76272983,4.61E-03,5.67E-03,7.30E-03,0.012292018,1.90E-02,2.46E-02,9.54E-03,9.88E-03,1.10E-02,1.46E-02,1.96E-02,2.45E-02,5.30E-03,8.34E-03,1.22E-02,1.92E-02,2.45E-02,0.031827274,1.03E-02,1.25E-02,1.52E-02,1.99E-02,2.38E-02,2.66E-02,2.807273684,2.989315789,3.477,3.160315789,3.134315789,3.134315789,53.80647895,54.22473684,55.25157895,54.82736842,55.03631579,55.03631579,14.30047619,-8.75,145512905.9,"-$568,936",0
2.485247826,2.440704348,3.009856522,2.749504348,2.637247826,2.637247826,2366.822174,915.7436652,0.747265241,4.97E-03,6.23E-03,8.01E-03,1.34E-02,1.91E-02,0.024589913,9.30E-03,9.82E-03,1.13E-02,1.52E-02,1.99E-02,2.46E-02,7.43E-03,1.02E-02,1.35E-02,2.05E-02,2.51E-02,3.24E-02,1.12E-02,1.37E-02,1.64E-02,2.11E-02,2.46E-02,2.72E-02,2.890413043,3.06126087,3.445478261,3.144913043,3.091173913,3.091173913,50.01565217,50.47304348,51.51478261,51.16956522,52.44478261,52.44478261,14.85285714,-7.358695652,144943970.1,"-$44,909,883",0
2.67171,2.66555,3.09443,2.684855,2.678675,2.678675,2357.7915,921.38159,0.744340568,5.36E-03,6.43E-03,7.55E-03,1.21E-02,1.70E-02,0.022609035,9.34E-03,9.83E-03,0.010940838,1.39E-02,1.83E-02,0.023221546,8.12E-03,1.04E-02,1.29E-02,1.87E-02,0.023239191,0.031016379,1.15E-02,0.013579524,1.55E-02,1.93E-02,0.022711825,2.55E-02,3.099473684,3.266473684,3.495736842,3.112736842,3.076210526,3.076210526,51.41210526,51.75263158,52.71421053,52.11947368,53.57736842,53.57736842,17.77454545,-6.7875,100034087.6,"$79,842,963",1
2.832434783,2.804904348,2.427482609,2.216617391,2.372130435,2.372130435,2396.243913,913.5173913,0.735536535,5.04E-03,6.13E-03,7.32E-03,1.22E-02,1.56E-02,2.21E-02,8.93E-03,9.17E-03,1.03E-02,1.33E-02,1.80E-02,2.32E-02,9.08E-03,1.12E-02,1.36E-02,1.88E-02,2.33E-02,3.12E-02,0.011781386,1.36E-02,1.55E-02,1.91E-02,2.25E-02,2.53E-02,3.121545455,3.313863636,2.940863636,2.715818182,2.778,2.778,48.78318182,49.06,49.98681818,49.65863636,51.95227273,51.95227273,13.1585,-9.443181818,179877050.4,"-$44,114,240",0
2.384081818,2.421218182,2.251913636,2.129427273,2.243986364,2.243986364,2433.985455,901.9693182,0.752294588,5.70E-03,7.79E-03,9.26E-03,0.012761663,1.53E-02,0.020873737,9.30E-03,1.06E-02,1.20E-02,1.47E-02,0.018409449,2.24E-02,1.00E-02,1.19E-02,1.40E-02,1.82E-02,2.22E-02,2.94E-02,1.26E-02,1.39E-02,1.54E-02,1.84E-02,2.16E-02,2.45E-02,2.942863636,3.019136364,2.833090909,2.681363636,2.735136364,2.735136364,45.32772727,45.55863636,47.09272727,47.94772727,51.40727273,51.40727273,12.39956522,-9.806818182,135762810.6,"-$41,365,137",0
1.971361905,2.145247619,2.249833333,2.062014286,2.148233333,2.148233333,2452.905238,892.8927905,0.78766859,7.09E-03,0.010592738,1.30E-02,1.71E-02,1.93E-02,2.31E-02,1.20E-02,0.013775507,1.53E-02,1.86E-02,2.21E-02,2.54E-02,1.09E-02,1.22E-02,1.45E-02,1.94E-02,2.35E-02,3.02E-02,1.31E-02,1.44E-02,1.61E-02,1.94E-02,2.29E-02,2.59E-02,2.9569,2.9471,2.8389,2.66945,2.70165,2.70165,46.797,46.9575,48.296,49.3685,53.237,53.237,14.21952381,-9.5125,94397673.65,"$5,966,576",1
1.7979,2.06463913,2.24313913,2.063578261,2.113534783,2.113534783,2456.223043,890.7254043,0.793213901,7.20E-03,1.13E-02,1.25E-02,1.58E-02,1.90E-02,2.35E-02,0.012940378,1.45E-02,0.015782432,1.85E-02,2.18E-02,2.52E-02,1.03E-02,1.22E-02,1.35E-02,1.79E-02,2.23E-02,2.89E-02,1.33E-02,0.014448023,1.57E-02,0.018330525,2.16E-02,0.024781816,2.891443478,2.936391304,2.898869565,2.724217391,2.695304348,2.695304348,48.16130435,48.39652174,49.17043478,49.37913043,51.90478261,51.90478261,14.5852381,-11.625,100364249.2,"$36,230,721",1
1.060204762,2.275995238,2.135785714,2.014042857,2.13587619,2.13587619,2492.065238,897.669919,0.813442276,9.62E-03,1.40E-02,1.52E-02,1.74E-02,2.05E-02,0.024346105,1.43E-02,1.72E-02,1.87E-02,2.08E-02,2.32E-02,2.58E-02,1.03E-02,1.26E-02,1.38E-02,1.79E-02,2.22E-02,2.86E-02,1.34E-02,1.49E-02,1.62E-02,1.86E-02,2.16E-02,2.46E-02,2.98206,3.06515,2.96385,2.7792,2.7377,2.7377,50.1585,50.533,51.147,50.8665,51.914,51.914,15.23619048,-10.0125,136594969.9,"$18,483,821",1
1.014995455,2.277754545,1.804309091,1.896213636,2.184895455,2.184895455,2556.997273,934.0606182,0.793906873,9.25E-03,1.38E-02,1.49E-02,1.73E-02,2.07E-02,2.44E-02,0.01413736,1.69E-02,1.85E-02,0.020947652,2.36E-02,2.60E-02,1.08E-02,1.38E-02,1.54E-02,1.98E-02,2.38E-02,0.029570416,0.013663511,1.60E-02,1.79E-02,2.05E-02,2.33E-02,2.59E-02,2.849827273,3.075954545,2.960909091,2.765318182,2.797863636,2.797863636,51.80272727,52.02363636,51.78818182,50.59045455,50.22818182,50.22818182,12.47238095,-10.75,155078790.9,"$24,765,481",1
2.104709091,2.122186364,1.846090909,1.924463636,2.267609091,2.267609091,2593.763636,949.1943909,0.783419891,8.67E-03,1.30E-02,1.43E-02,1.65E-02,0.019331902,2.28E-02,1.40E-02,1.60E-02,1.77E-02,2.00E-02,0.022523071,2.51E-02,1.23E-02,1.54E-02,1.69E-02,2.05E-02,2.36E-02,2.86E-02,1.44E-02,1.71E-02,0.018802853,2.11E-02,2.34E-02,2.57E-02,2.989514286,3.146904762,2.980142857,2.795,2.825190476,2.825190476,56.80047619,56.91095238,55.07285714,52.29619048,50.26095238,50.26095238,11.6085,-11.71428571,179844271.4,"-$21,675,501",0
1.966461905,1.758842857,1.7582,1.874066667,2.333095238,2.333095238,2665.245238,956.1661238,0.783637996,9.48E-03,0.014166777,1.58E-02,1.75E-02,1.94E-02,2.21E-02,1.47E-02,0.017322892,0.019303639,2.12E-02,2.29E-02,2.45E-02,1.32E-02,1.69E-02,1.84E-02,2.18E-02,2.41E-02,2.82E-02,1.62E-02,1.85E-02,2.03E-02,2.22E-02,2.40E-02,0.025661045,2.76645,2.7836,2.82605,2.76305,2.8784,2.8784,58.0705,58.0705,55.9995,53.408,50.794,50.794,11.53052632,-14.31578947,158168770.6,"$12,194,221",1
1.992821739,1.484165217,1.846513043,1.770086957,2.285713043,2.285713043,2783.631739,963.8281609,0.804216661,1.14E-02,1.57E-02,1.76E-02,2.00E-02,2.19E-02,0.023556529,1.64E-02,0.019179802,2.13E-02,2.36E-02,2.52E-02,2.61E-02,1.41E-02,1.78E-02,2.01E-02,2.37E-02,0.025750268,2.91E-02,1.75E-02,1.99E-02,2.20E-02,2.42E-02,2.57E-02,2.69E-02,3.298904762,2.97247619,3.037428571,2.896952381,3.038285714,3.038285714,63.62095238,63.45857143,60.06571429,56.33,52.64571429,52.64571429,11.89782609,-12.98863636,170362991.6,"-$39,307,818",0
1.858085,1.04002,1.92834,2.02697,2.38386,2.38386,2704.88,912.55128,0.794611711,1.17E-02,1.58E-02,0.018041824,2.10E-02,0.023301853,2.45E-02,1.66E-02,1.93E-02,2.17E-02,2.46E-02,2.68E-02,2.79E-02,1.57E-02,0.019409948,2.14E-02,0.025937433,2.86E-02,3.16E-02,0.018865452,2.19E-02,2.42E-02,2.69E-02,2.87E-02,2.95E-02,2.659736842,2.671421053,3.052578947,3.027368421,3.136526316,3.136526316,62.05157895,61.77421053,57.72263158,54.29263158,50.86,50.86,13.13631579,-13.09210526,131055174.1,"$59,706,656",1
1.077822727,1.041122727,1.552231818,1.674022727,2.107877273,2.702777273,2699.96,915.9456,0.77355479,1.09E-02,1.58E-02,1.79E-02,2.02E-02,2.19E-02,2.34E-02,1.70E-02,1.94E-02,2.17E-02,2.41E-02,2.57E-02,2.68E-02,0.017052613,2.04E-02,2.24E-02,0.026210547,2.84E-02,3.12E-02,2.19E-02,0.023565498,2.55E-02,2.75E-02,0.028581656,2.91E-02,2.711571429,2.803761905,2.831380952,2.77947619,2.911904762,3.2,62.67857143,62.39190476,58.41380952,55.01285714,51.33095238,51.33095238,10.86227273,-11.46428571,190761829.9,"-$24,322,034",0
0.890690476,1.101490476,1.271857143,1.358238095,1.987985714,2.440847619,2653.991429,907.4101,0.785564721,1.16E-02,1.63E-02,1.86E-02,2.10E-02,2.25E-02,2.37E-02,1.73E-02,0.019896619,2.22E-02,2.48E-02,2.63E-02,2.72E-02,1.76E-02,2.13E-02,0.023679243,2.69E-02,0.028647863,3.09E-02,2.36E-02,2.47E-02,2.65E-02,2.81E-02,2.88E-02,0.029093016,2.736714286,2.808619048,2.625714286,2.608904762,2.757809524,3.011666667,66.20952381,65.85666667,61.18142857,56.53095238,50.83333333,50.83333333,10.51363636,-8.785714286,166439795.6,"-$7,769,430",0
0.964530435,1.206617391,1.194452174,1.243573913,1.932804348,2.372273913,2702.356087,945.7798522,0.777090292,1.24E-02,0.017025607,1.96E-02,2.21E-02,2.38E-02,2.41E-02,1.74E-02,2.05E-02,2.30E-02,2.58E-02,2.73E-02,0.027585186,1.87E-02,2.24E-02,2.49E-02,2.83E-02,2.97E-02,3.14E-02,2.35E-02,2.51E-02,2.73E-02,2.91E-02,3.00E-02,3.01E-02,2.841727273,2.857545455,2.581045455,2.551454545,2.658454545,2.937681818,69.87727273,69.51136364,64.99045455,59.89318182,53.12863636,53.12863636,10.2645,-9.727272727,158670365.4,"-$6,855,587",0
1.48957619,1.567571429,1.450542857,1.410090476,1.741152381,2.394404762,2756.146667,960.9801,0.761867376,1.23E-02,1.67E-02,1.88E-02,2.08E-02,2.21E-02,2.25E-02,0.017476295,1.99E-02,2.22E-02,2.45E-02,0.026015536,2.65E-02,1.91E-02,2.30E-02,2.51E-02,0.027698009,2.90E-02,3.06E-02,2.35E-02,2.58E-02,0.027763342,2.90E-02,2.96E-02,2.96E-02,2.941428571,2.924,2.665190476,2.568285714,2.627666667,2.938,66.76,66.17142857,63.15857143,59.96238095,54.62666667,54.62666667,11.97565217,-6.525,151814778.3,"-$8,539,529",0
1.377318182,1.616695455,1.468672727,1.448109091,1.700504545,2.399254545,2787.171364,974.5845455,0.761562637,1.39E-02,1.77E-02,0.019482616,2.09E-02,2.17E-02,2.22E-02,1.88E-02,2.10E-02,2.29E-02,2.46E-02,0.025773083,2.63E-02,1.97E-02,2.35E-02,2.57E-02,2.78E-02,2.87E-02,3.00E-02,2.35E-02,2.62E-02,2.81E-02,2.90E-02,2.94E-02,2.92E-02,2.776333333,2.806952381,2.657238095,2.553619048,2.596952381,2.942238095,68.7547619,67.63333333,64.15142857,60.65952381,54.82571429,54.82571429,10.438,0.839285714,143275249.4,"$49,942,331",1
1.377282609,1.950156522,1.4119,1.363717391,1.736678261,2.458991304,2857.820298,972.0929943,0.76705008,1.48E-02,1.92E-02,2.09E-02,2.22E-02,0.022912659,2.29E-02,1.95E-02,2.24E-02,2.42E-02,2.57E-02,2.67E-02,2.73E-02,2.05E-02,2.42E-02,2.62E-02,2.75E-02,2.88E-02,3.05E-02,2.34E-02,2.62E-02,0.02809257,0.028864234,2.94E-02,2.96E-02,2.904173913,2.988913043,2.692347826,2.533391304,2.591347826,2.984869565,67.09434783,66.7573913,64.11130435,60.84565217,55.80521739,55.80521739,10.12545455,-2.25,193217580.7,"-$56,500,787",0
1.501815,2.097185,1.28977,1.30293,1.75628,2.49655,2901.228804,957.2381437,0.767289385,1.54E-02,1.97E-02,2.12E-02,2.25E-02,2.34E-02,2.35E-02,1.98E-02,2.28E-02,2.46E-02,2.61E-02,2.73E-02,2.80E-02,2.14E-02,2.53E-02,2.73E-02,2.85E-02,2.98E-02,3.14E-02,2.37E-02,2.71E-02,2.91E-02,2.99E-02,3.04E-02,3.05E-02,2.886157895,3.013947368,2.641631579,2.533263158,2.579105263,3.004789474,70.01526316,69.62,67.35947368,63.68210526,56.94210526,56.94210526,10.54047619,-2.907894737,136716793.5,"$23,475,742",1
2.23143913,2.485173913,1.635156522,1.580313043,1.960782609,2.65166087,2785.464686,917.4185625,0.76834525,1.64E-02,0.020818774,2.26E-02,0.023971368,2.48E-02,0.024893802,2.11E-02,2.42E-02,2.62E-02,2.76E-02,2.88E-02,2.95E-02,2.27E-02,2.62E-02,2.84E-02,3.01E-02,3.14E-02,3.35E-02,2.48E-02,2.83E-02,3.03E-02,3.12E-02,3.19E-02,3.22E-02,3.231304348,3.280913043,2.770478261,2.607695652,2.652913043,3.129913043,70.76652174,70.72913043,69.59,65.97304348,57.8226087,57.8226087,10.2645,-6.511363636,160192535.1,"$49,758,873",1
2.200981818,2.016654545,1.746754545,1.828318182,2.190631818,2.871454545,2719.850048,906.4459624,0.757345232,1.70E-02,2.11E-02,2.25E-02,2.34E-02,2.41E-02,2.45E-02,2.21E-02,0.024613067,0.026069394,2.72E-02,2.84E-02,2.94E-02,0.02347343,2.67E-02,0.028393677,2.94E-02,3.11E-02,0.03386311,2.67E-02,2.90E-02,3.03E-02,3.07E-02,3.16E-02,3.22E-02,4.101333333,3.841,2.868952381,2.713666667,2.79,3.294380952,56.7247619,57.05190476,57.93761905,57.52238095,55.85761905,55.85761905,11.06238095,-7.375,209951408.3,"-$97,286,945",0
1.549680952,1.131966667,1.743414286,1.848714286,2.224619048,3.094166667,2565.903662,871.0456713,0.743372431,1.64E-02,1.92E-02,1.96E-02,1.98E-02,2.05E-02,2.21E-02,2.27E-02,2.31E-02,2.35E-02,2.40E-02,2.56E-02,2.73E-02,2.38E-02,2.63E-02,2.66E-02,2.67E-02,2.83E-02,3.13E-02,2.81E-02,0.028241238,2.81E-02,0.027590574,2.86E-02,2.94E-02,3.89565,3.3783,3.1047,2.8583,2.95355,3.4533,49.3285,49.6115,51.2645,51.691,52.2595,52.2595,22.46473684,-8.470588235,112664463.8,"$42,297,844",1
1.56173913,1.258817391,1.893665217,1.900856522,2.195095652,3.0935,2607.701983,898.6585721,0.751531895,1.62E-02,1.85E-02,1.86E-02,1.88E-02,1.97E-02,2.18E-02,2.25E-02,2.24E-02,2.25E-02,2.29E-02,2.47E-02,2.67E-02,2.40E-02,0.02557437,0.02525083,0.025228062,2.71E-02,3.08E-02,2.80E-02,2.74E-02,2.67E-02,0.026008634,0.027266425,2.84E-02,3.046190476,2.77252381,3.112190476,2.907952381,2.988142857,3.491619048,51.91,52.2652381,53.83190476,53.7,54.06142857,54.06142857,19.02380952,-8.568181818,154962307.8,"$46,343,660",1
1.614545,1.31245,1.98091,1.87553,2.22635,3.04435,2755.879675,943.5055981,0.757165172,1.66E-02,1.79E-02,1.78E-02,1.80E-02,1.92E-02,0.021685387,0.021384468,0.021516615,2.17E-02,2.22E-02,2.40E-02,2.64E-02,2.42E-02,2.52E-02,2.48E-02,2.47E-02,2.67E-02,3.06E-02,2.71E-02,2.67E-02,2.61E-02,2.55E-02,2.68E-02,0.028243109,2.684526316,2.728473684,2.988684211,2.824210526,2.955947368,3.473473684,55.41421053,55.90315789,57.20157895,55.72052632,53.80947368,53.80947368,18.26761905,-9.776315789,201305968.2,"$49,219,582",1
1.383804762,1.159771429,1.61162381,1.578790476,2.096271429,2.878542857,2803.98356,961.0743342,0.748094698,1.65E-02,1.66E-02,1.61E-02,1.59E-02,0.017344482,2.03E-02,2.03E-02,2.01E-02,1.97E-02,1.98E-02,2.19E-02,2.46E-02,2.43E-02,2.47E-02,2.39E-02,2.36E-02,2.57E-02,3.03E-02,0.026336575,2.60E-02,2.50E-02,2.41E-02,2.56E-02,2.75E-02,2.807761905,2.883809524,2.826857143,2.645857143,2.841380952,3.346238095,58.50333333,58.82,58.95809524,56.79380952,53.9847619,53.9847619,14.12454545,-10.3452381,250525549.9,"-$100,887,239",0
1.084654545,1.045372727,1.193990909,1.374090909,1.939604545,2.700836364,2901.753557,985.4668643,0.747612073,1.67E-02,1.69E-02,0.01572093,0.01577478,1.74E-02,0.020341798,2.01E-02,0.019829076,1.94E-02,1.96E-02,2.18E-02,2.48E-02,2.41E-02,2.40E-02,2.33E-02,2.32E-02,2.53E-02,3.00E-02,0.026180128,2.56E-02,2.43E-02,2.35E-02,2.51E-02,2.71E-02,2.617190476,2.707571429,2.582904762,2.510095238,2.701619048,3.189380952,63.93047619,63.92095238,61.34904762,57.78285714,53.95095238,53.95095238,13.67809524,-9.1375,149638310.6,"$26,498,530",1
0.8865,1.064147826,1.150652174,1.391743478,1.950565217,2.767326087,2860.442647,979.1223541,0.742931311,1.67E-02,1.69E-02,1.57E-02,1.54E-02,1.66E-02,1.92E-02,2.01E-02,1.98E-02,1.92E-02,1.91E-02,2.10E-02,2.39E-02,0.023783019,2.32E-02,2.19E-02,2.17E-02,2.39E-02,2.87E-02,2.56E-02,2.44E-02,2.27E-02,2.19E-02,2.35E-02,2.55E-02,2.599590909,2.629090909,2.562227273,2.500590909,2.689454545,3.207636364,61.01181818,61.05409091,58.86590909,55.72454545,53.06863636,53.06863636,13.14761905,-10.575,176136840.5,"-$1,500,141",0
1.00945,1.247085,1.10353,1.410315,2.027405,2.813055,2887.477013,977.4849298,0.752884703,1.66E-02,1.63E-02,1.40E-02,1.35E-02,1.46E-02,1.74E-02,1.98E-02,1.87E-02,0.017272255,0.016901418,1.88E-02,2.16E-02,2.19E-02,1.98E-02,1.81E-02,1.81E-02,2.08E-02,0.026473786,2.44E-02,2.07E-02,1.85E-02,1.81E-02,2.02E-02,2.28E-02,2.3232,2.3226,2.50135,2.51185,2.6921,3.25065,54.8915,54.917,53.6195,52.43,53.062,53.062,12.54695652,-10.0625,174636699.1,"-$15,275,587",0
1.0536,1.584752174,1.196817391,1.484226087,2.000847826,2.852591304,2997.185153,987.1046076,0.763236998,1.65E-02,1.67E-02,1.50E-02,1.45E-02,1.52E-02,1.74E-02,1.97E-02,1.90E-02,1.81E-02,1.77E-02,1.91E-02,2.14E-02,2.12E-02,1.94E-02,1.82E-02,1.81E-02,2.06E-02,2.64E-02,2.34E-02,2.05E-02,1.86E-02,1.80E-02,0.01985231,2.24E-02,2.293272727,2.362636364,2.465409091,2.475363636,2.667954545,3.2925,57.64727273,57.63863636,55.675,53.65545455,53.43090909,53.43090909,12.91052632,-9.25,159361111.9,"$530,930,275",1
1.411859091,1.844836364,1.429077273,1.620172727,1.944822727,2.827709091,2907.422512,969.6953869,0.7534831,1.63E-02,1.55E-02,1.36E-02,0.012250838,0.012145058,0.014696944,1.96E-02,1.79E-02,1.65E-02,1.54E-02,0.016047799,1.81E-02,1.97E-02,1.75E-02,1.57E-02,1.48E-02,1.64E-02,2.19E-02,2.21E-02,1.82E-02,1.57E-02,1.42E-02,1.52E-02,1.72E-02,2.173818182,2.335272727,2.343636364,2.382909091,2.587409091,3.194,54.68818182,54.42681818,52.18681818,50.95136364,52.67545455,52.67545455,19.35217391,-10.625,690291387.2,"-$516,235,307",0
1.812119048,2.272428571,1.573661905,1.646004762,1.929119048,2.770538095,2974.560056,995.7570852,0.755057269,1.62E-02,1.65E-02,1.52E-02,1.37E-02,1.35E-02,0.015598488,1.96E-02,1.91E-02,1.80E-02,0.016900957,1.73E-02,1.88E-02,0.019155993,1.78E-02,1.63E-02,1.56E-02,1.69E-02,2.20E-02,0.021617592,1.84E-02,1.63E-02,1.48E-02,1.56E-02,1.73E-02,2.53145,2.7606,2.41575,2.3769,2.5722,3.09065,56.741,56.3575,52.91,51.408,52.1685,52.1685,19.38904762,-11.625,174056080.1,"-$3,957,556",0
2.226643478,2.307556522,1.706326087,1.79316087,2.089513043,2.851543478,2980.528696,982.924513,0.758097492,1.64E-02,1.68E-02,1.57E-02,1.45E-02,1.45E-02,1.60E-02,1.97E-02,1.92E-02,1.85E-02,1.79E-02,1.84E-02,1.96E-02,1.66E-02,1.59E-02,1.54E-02,0.015201082,1.71E-02,2.24E-02,2.01E-02,1.74E-02,1.59E-02,0.015035342,1.62E-02,1.81E-02,2.407565217,2.600565217,2.407565217,2.398652174,2.58826087,3.105478261,54.05043478,53.91956522,51.63695652,50.64782609,51.61869565,51.61869565,24.95315789,-10.03409091,170098524.1,"$21,782,092",1
2.489809524,2.127709524,1.950742857,2.098295238,2.289333333,2.881433333,3106.209048,1012.627143,0.755398761,1.65E-02,1.66E-02,1.56E-02,1.50E-02,1.50E-02,0.016331355,1.97E-02,1.89E-02,1.84E-02,1.83E-02,1.92E-02,2.06E-02,1.56E-02,1.56E-02,1.61E-02,0.016366205,1.81E-02,2.33E-02,1.93E-02,0.01743896,1.63E-02,1.59E-02,1.72E-02,0.019072608,2.65135,2.6083,2.5808,2.5355,2.66355,3.1021,57.062,56.86,53.684,51.9855,51.9365,51.9365,19.57238095,-9.805555556,191880616.1,"-$64,882,140",0
2.26145,1.877395455,2.187209091,2.282809091,2.412445455,2.841086364,3177.324091,1015.664864,0.759488663,1.65E-02,1.71E-02,1.65E-02,1.61E-02,1.60E-02,1.68E-02,2.01E-02,1.97E-02,1.96E-02,1.98E-02,2.05E-02,2.15E-02,1.55E-02,1.53E-02,1.60E-02,1.68E-02,1.86E-02,2.35E-02,0.019344961,1.75E-02,1.66E-02,1.66E-02,1.80E-02,2.00E-02,2.288380952,2.206619048,2.634857143,2.669380952,2.753666667,3.041190476,59.62142857,59.30761905,55.45571429,52.66380952,51.52761905,51.52761905,15.23473684,-10.56578947,126998476.3,"$52,557,719",1
2.0023,1.648365217,2.167673913,2.224117391,2.426956522,2.786734783,3279.451739,1034.814304,0.764478479,1.63E-02,1.66E-02,1.58E-02,1.50E-02,1.50E-02,1.62E-02,2.04E-02,1.92E-02,1.87E-02,1.86E-02,1.95E-02,2.10E-02,1.53E-02,1.52E-02,1.51E-02,1.56E-02,1.77E-02,2.28E-02,1.85E-02,1.68E-02,1.58E-02,0.015693322,1.71E-02,1.91E-02,2.022,2.062666667,2.634809524,2.662761905,2.769142857,2.970428571,57.48857143,57.35047619,54.09238095,51.75,51.44619048,51.44619048,14.4852381,-11.43055556,179556195.4,"$28,994,695",1
1.602615,1.478845,1.97801,2.063645,2.335595,2.822705,3282.2545,1047.33475,0.752704051,1.62E-02,1.56E-02,0.014160377,1.30E-02,1.30E-02,1.43E-02,1.95E-02,1.78E-02,1.69E-02,1.64E-02,0.017124145,0.0185603,1.53E-02,1.40E-02,1.33E-02,1.33E-02,1.51E-02,0.020262934,1.70E-02,1.50E-02,1.37E-02,1.32E-02,1.45E-02,1.64E-02,1.846842105,1.939789474,2.478789474,2.550052632,2.666421053,2.857526316,50.77157895,50.95578947,50.77684211,50.40157895,51.36578947,51.36578947,12.94904762,-11.84375,208550890.7,"$217,069,651",1
,,,,,,,,,,,,,,,,,,,,,,,,,,,,,,,,,,,,,,,,,,,,,,,,425620542,
